,Dataset,ROCAUC,Time
0,Arrythmia,0.7093342753964516,0:09:34.955928
1,Optdigits,0.7377933004537919,0:15:49.844937
2,Wine,0.7364095513587272,0:00:12.904343
3,BreastW,0.7797867338821406,0:01:08.191674
