,Dataset,ROCAUC,Time
0,Arrythmia,0.7093342753964516,0:08:50.287696
1,Optdigits,0.7377933004537919,877.6214599609375
2,Wine,0.7364095513587272,12.791953802108765
3,BreastW,0.7797867338821406,65.39850997924805
